CreditDuration;CreditAmount;InstallmentRate;Age;NumberOfCredits;CreditHistory;EmploymentDuration;Housing;Purpose;Savings;Group;Gender;CreditRisk (y);y_hat;y_hat_own_model
12;2096;2;49;1;A34;A74;A152;A46;A61;1;0;1;0.852052987;0.88
24;1282;4;32;1;A32;A73;A152;A43;A62;1;1;0;0.690417767;0.22
12;1804;3;44;1;A34;A72;A152;A41;A62;1;0;1;0.924895227;0.93
60;6836;3;63;2;A33;A75;A152;A49;A61;0;0;0;0.835083246;0.56
18;1913;3;36;1;A32;A72;A152;A49;A64;1;0;1;0.902312994;0.71
18;5866;2;30;2;A32;A73;A152;A40;A62;0;0;1;0.855559886;0.96
30;6187;1;24;2;A34;A74;A151;A41;A62;0;0;1;0.68856889;0.67
48;6143;4;58;2;A34;A75;A153;A41;A61;0;1;0;0.699797213;0.41
11;1393;4;35;2;A34;A72;A152;A40;A61;1;1;1;0.926021576;0.96
12;2073;4;28;1;A32;A73;A152;A43;A62;1;1;1;0.896418273;0.82
27;5965;1;30;2;A33;A75;A152;A41;A61;0;0;1;0.954671741;0.74
12;6468;2;52;1;A32;A71;A152;A43;A65;0;0;0;0.893727541;0.75
36;6229;4;23;2;A34;A72;A151;A42;A61;0;1;0;0.398082823;0.24
48;14421;2;25;1;A30;A73;A152;A49;A61;0;0;0;0.036973838;0.31
27;5190;4;48;4;A32;A75;A152;A45;A65;1;0;1;0.650263488;0.68
12;1007;4;22;1;A32;A73;A152;A40;A64;1;0;1;0.893612325;0.17
36;2394;4;25;1;A32;A73;A152;A43;A65;1;1;1;0.311896652;0.67
36;8133;1;30;1;A32;A73;A152;A41;A61;0;1;1;0.571356595;0.46
7;730;4;46;2;A34;A75;A151;A43;A65;1;0;1;0.977869868;0.98
8;1164;3;51;2;A34;A75;A153;A410;A61;1;0;1;0.654764593;0.81
42;5954;2;41;2;A34;A74;A152;A49;A61;0;1;1;0.88307941;0.87
42;3965;4;34;1;A32;A72;A152;A43;A61;1;0;0;0.642867565;0.44
54;9436;2;39;1;A30;A73;A152;A41;A65;0;0;1;0.863627553;0.69
20;7057;3;36;2;A33;A74;A151;A41;A65;0;0;1;0.940899909;0.99
24;1469;4;41;1;A32;A75;A151;A40;A62;1;0;1;0.763782144;0.63
36;2323;4;24;1;A32;A74;A151;A43;A61;1;0;1;0.185156271;0.3
12;6078;2;32;1;A32;A74;A152;A40;A61;0;0;1;0.575355649;0.52
14;1410;1;35;1;A32;A75;A152;A49;A63;1;0;1;0.957325518;0.89
15;392;4;23;1;A32;A72;A151;A46;A61;1;1;1;0.540696919;0.78
48;3578;4;47;1;A34;A75;A152;A43;A65;1;0;1;0.883136988;0.96
21;1835;3;25;2;A32;A73;A152;A43;A61;1;1;0;0.689650595;0.8
10;781;4;63;2;A34;A75;A153;A40;A61;1;0;1;0.803868234;0.87
18;1924;4;27;1;A32;A72;A151;A42;A65;1;1;0;0.440391272;0.18
12;1860;4;34;2;A34;A71;A152;A41;A61;1;0;1;0.645951986;0.65
12;1240;4;38;2;A34;A75;A152;A43;A65;1;1;1;0.96003288;0.96
36;4795;4;30;1;A32;A72;A152;A43;A61;1;1;1;0.247526512;0.29
36;5371;3;28;2;A34;A73;A152;A42;A61;1;0;1;0.444099516;0.34
15;1262;4;36;2;A32;A74;A152;A44;A63;1;0;1;0.925460815;0.98
10;7308;2;70;1;A32;A71;A153;A40;A61;0;0;1;0.476810217;0.62
24;3972;2;25;1;A32;A74;A151;A42;A61;1;1;1;0.500623167;0.72
15;950;4;33;2;A30;A75;A151;A40;A61;1;0;0;0.160156265;0.13
8;1414;4;33;1;A32;A73;A152;A43;A61;1;0;1;0.846334696;0.89
30;7485;4;53;1;A31;A71;A152;A41;A65;0;1;0;0.574563265;0.2
21;1647;4;40;2;A31;A73;A152;A40;A65;1;0;0;0.269191444;0.49
18;884;4;36;1;A34;A75;A152;A40;A61;1;0;0;0.944306076;0.72
15;1360;4;31;2;A34;A73;A152;A43;A61;1;0;1;0.943874598;0.95
12;674;4;20;1;A32;A74;A152;A43;A62;1;0;0;0.633012474;0.27
27;3915;4;36;1;A32;A73;A152;A49;A61;1;0;0;0.901307523;0.62
45;3031;4;21;1;A32;A73;A151;A43;A62;1;0;0;0.141260952;0.12
6;1382;1;28;2;A34;A73;A152;A43;A61;1;1;1;0.982545972;0.98
24;2760;4;36;1;A32;A75;A153;A41;A65;1;0;1;0.930432677;0.89
18;4297;4;40;1;A33;A75;A152;A42;A61;1;0;0;0.54886961;0.71
12;902;4;21;1;A32;A74;A151;A48;A61;1;0;0;0.469527483;0.16
9;3074;1;33;2;A34;A73;A152;A43;A65;1;0;1;0.949430406;0.92
36;3835;2;45;1;A32;A75;A152;A43;A65;1;1;1;0.81619972;0.78
27;5293;2;50;2;A30;A71;A152;A49;A61;1;0;0;0.620854557;0.39
24;3021;2;24;1;A32;A73;A151;A42;A61;1;0;1;0.719395757;0.39
12;625;4;26;1;A32;A72;A152;A43;A61;1;0;1;0.880890191;0.65
48;10961;1;27;2;A32;A74;A152;A43;A64;0;0;0;0.600896358;0.32
9;2507;2;51;1;A32;A75;A153;A40;A63;1;0;1;0.661231458;0.75
18;866;4;25;1;A32;A73;A152;A43;A61;1;0;1;0.879760444;0.87
21;2767;4;61;2;A32;A75;A151;A49;A62;1;0;0;0.869562268;0.71
30;2522;1;39;1;A32;A75;A152;A43;A61;1;0;1;0.882216275;0.63
24;915;4;29;1;A32;A75;A152;A40;A65;1;1;0;0.453653783;0.18
12;3447;4;35;1;A31;A73;A152;A48;A63;1;1;1;0.667508543;0.63
6;1204;4;35;1;A30;A73;A151;A40;A62;1;0;1;0.702910125;0.56
6;666;3;39;2;A34;A74;A152;A40;A64;1;1;1;0.989185572;0.99
12;2251;1;46;1;A32;A73;A152;A42;A61;1;1;1;0.877137303;0.99
9;2030;2;24;1;A32;A74;A152;A42;A65;1;0;1;0.897612095;0.72
24;2684;4;35;2;A34;A73;A152;A43;A61;1;0;1;0.915644765;0.9
11;1154;4;57;3;A34;A71;A152;A43;A62;1;1;1;0.889297128;0.94
24;1603;4;55;1;A32;A75;A152;A43;A61;1;1;1;0.919780612;0.96
15;802;4;37;1;A32;A75;A152;A43;A61;1;0;0;0.964606881;0.88
36;6304;4;36;2;A34;A75;A152;A49;A65;0;0;1;0.982948482;0.94
18;2662;4;32;1;A32;A74;A152;A40;A65;1;0;1;0.943695247;0.98
12;1402;3;37;1;A34;A74;A151;A42;A63;1;1;1;0.916540027;0.99
48;12169;4;36;1;A31;A71;A153;A40;A65;0;0;1;0.741459012;0.82
48;3060;4;28;2;A32;A74;A152;A43;A61;1;0;0;0.36683017;0.25
30;11998;1;34;1;A32;A72;A152;A45;A61;0;0;0;0.721919417;0.42
9;2697;1;32;1;A32;A73;A152;A43;A61;1;0;1;0.917292893;0.96
12;1574;4;50;1;A32;A73;A152;A42;A61;1;0;1;0.716900051;0.64
24;1024;4;48;1;A33;A72;A152;A43;A61;1;0;0;0.8688097;0.62
24;6419;2;44;2;A34;A75;A153;A41;A61;0;1;1;0.87567842;0.86
10;1287;4;45;1;A32;A75;A152;A40;A65;1;0;1;0.915600061;0.95
18;2515;3;43;1;A32;A73;A152;A42;A61;1;0;1;0.676613688;0.47
6;672;1;54;1;A32;A71;A152;A40;A61;1;1;1;0.908012688;0.73
10;1038;4;49;2;A34;A74;A152;A40;A61;1;0;1;0.926420689;0.98
6;1543;4;33;1;A32;A73;A152;A42;A64;1;0;1;0.767461956;0.89
30;4811;2;24;1;A32;A74;A151;A41;A65;1;1;1;0.423314422;0.71
12;727;4;33;1;A32;A72;A152;A43;A62;1;0;0;0.641815603;0.63
9;276;4;22;1;A32;A73;A151;A40;A61;1;0;1;0.744858801;0.33
48;5381;3;40;1;A32;A71;A153;A410;A65;1;0;1;0.467891663;0.73
24;5511;4;25;1;A32;A73;A152;A42;A62;0;0;1;0.653533459;0.81
12;708;2;38;1;A32;A73;A152;A42;A61;1;0;1;0.745459914;0.83
24;2910;2;34;1;A32;A74;A153;A41;A61;1;0;1;0.946999073;0.89
18;1028;4;36;2;A34;A73;A152;A40;A61;1;1;1;0.952558875;0.95
18;1864;4;30;2;A34;A73;A152;A46;A62;1;1;0;0.68970567;0.81
60;7408;4;24;1;A32;A72;A152;A40;A62;0;1;0;0.39636153;0.4
24;4110;3;23;2;A30;A75;A151;A42;A61;1;0;0;0.2831375;0.41
10;1521;4;31;1;A32;A73;A152;A42;A61;1;0;1;0.755715609;0.93
18;3213;1;25;1;A32;A72;A151;A43;A63;1;0;1;0.768200934;0.65
10;3949;1;37;1;A32;A72;A152;A40;A61;1;0;1;0.912445843;0.79
9;1236;1;23;1;A32;A72;A151;A44;A61;1;1;1;0.274332374;0.44
9;959;1;29;1;A32;A73;A152;A42;A61;1;1;0;0.769842803;0.67
18;3229;2;38;1;A34;A71;A152;A41;A65;1;0;1;0.984726548;0.91
12;6199;4;28;2;A30;A73;A151;A43;A61;0;0;0;0.503407598;0.4
10;727;4;46;1;A32;A75;A153;A46;A63;1;0;1;0.778688848;0.54
12;3399;2;37;1;A32;A75;A152;A43;A65;1;0;1;0.920612276;0.95
12;1542;2;36;1;A32;A74;A152;A49;A61;1;0;1;0.859279156;0.84
18;3850;3;27;2;A34;A74;A152;A41;A61;1;0;1;0.985162079;0.99
18;3650;1;22;1;A32;A72;A151;A42;A61;1;1;1;0.567350447;0.5
36;3446;4;42;1;A32;A75;A152;A42;A61;1;0;0;0.643613338;0.38
18;6070;3;33;2;A34;A75;A152;A43;A61;0;0;1;0.924551487;0.84
60;14782;3;60;2;A31;A75;A153;A410;A62;0;1;0;0.09935461;0.31
18;2320;2;34;2;A33;A71;A152;A43;A61;1;0;1;0.77378118;0.8
18;12976;3;38;1;A32;A71;A153;A41;A61;0;1;0;0.145388439;0.47
22;1283;4;25;1;A32;A74;A151;A40;A65;1;1;1;0.277095258;0.32
12;1330;4;26;1;A32;A72;A152;A40;A61;1;0;1;0.300400496;0.74
6;1957;1;31;1;A34;A74;A152;A43;A61;1;1;1;0.940570831;0.96
9;2406;2;31;1;A34;A71;A152;A42;A61;1;0;1;0.663134336;0.55
12;1223;1;46;2;A32;A75;A151;A40;A61;1;0;0;0.588753641;0.52
24;2039;1;22;1;A32;A72;A152;A43;A61;1;0;0;0.458788931;0.33
24;3235;3;26;1;A32;A75;A152;A43;A63;1;0;1;0.956116736;0.96
33;7253;3;35;2;A34;A74;A152;A41;A61;0;0;1;0.929592669;0.92
10;1597;3;40;1;A32;A73;A151;A40;A63;1;0;1;0.670266211;1.0
24;1381;4;35;1;A32;A73;A152;A40;A65;1;1;0;0.119753689;0.26
36;5842;2;35;2;A34;A75;A152;A41;A61;0;0;1;0.956956506;0.91
12;2579;4;33;1;A32;A72;A152;A40;A61;1;0;0;0.497174472;0.26
15;3186;2;20;1;A32;A74;A151;A40;A64;1;1;1;0.898257434;0.8
12;958;2;47;2;A34;A74;A152;A40;A61;1;0;1;0.95056051;0.85
18;2779;1;21;1;A32;A73;A151;A41;A61;1;0;1;0.766645968;0.42
28;2743;4;29;2;A34;A75;A152;A43;A61;1;0;1;0.880776227;0.92
18;1149;4;46;2;A34;A73;A152;A43;A64;1;0;1;0.949173033;0.93
18;1190;2;55;3;A34;A71;A153;A45;A61;1;1;0;0.91172564;0.9
6;1872;4;36;3;A34;A71;A153;A42;A61;1;0;1;0.912357807;0.84
24;2058;4;33;2;A34;A73;A152;A45;A61;1;0;1;0.703273773;0.68
6;660;2;23;1;A32;A74;A151;A45;A63;1;0;1;0.938347816;0.69
42;3394;4;65;2;A34;A71;A152;A45;A61;1;0;1;0.831732094;0.83
12;609;4;26;1;A31;A72;A152;A49;A61;1;1;0;0.475891709;0.45
9;1244;4;41;2;A34;A75;A151;A46;A65;1;1;1;0.945155144;0.9
36;11054;4;30;1;A34;A73;A152;A41;A65;0;0;1;0.828699529;0.75
24;2670;4;35;1;A32;A75;A152;A41;A61;1;0;1;0.89895612;0.61
12;3017;3;34;1;A32;A72;A151;A42;A61;1;1;1;0.309243858;0.71
18;1950;4;34;2;A32;A74;A152;A49;A61;1;0;1;0.66303587;0.73
24;2924;3;63;1;A32;A73;A152;A41;A61;1;0;1;0.962124765;0.66
6;448;4;23;1;A32;A72;A152;A46;A61;1;1;0;0.235462725;0.05
12;1037;3;39;1;A32;A74;A152;A49;A62;1;0;1;0.902043223;0.81
15;1478;4;44;2;A34;A75;A152;A42;A61;1;0;1;0.98071599;0.97
12;3573;1;23;1;A34;A73;A152;A43;A61;1;1;1;0.951929986;0.8
24;1201;4;26;1;A32;A72;A152;A40;A61;1;0;1;0.843589127;0.42
30;3622;4;57;2;A32;A75;A151;A42;A64;1;1;1;0.356737137;0.73
15;960;3;30;2;A33;A74;A152;A42;A64;1;1;1;0.898622692;0.97
6;1209;4;47;1;A33;A71;A152;A40;A61;1;0;0;0.967314243;0.84
12;3077;2;52;1;A32;A73;A152;A43;A61;1;0;1;0.942496777;0.9
12;2122;3;39;2;A34;A73;A151;A40;A61;1;0;1;0.823150814;0.79
24;2996;2;20;1;A32;A73;A152;A42;A65;1;0;0;0.816740394;0.79
24;1585;4;40;2;A34;A74;A152;A42;A61;1;0;1;0.926503301;0.9
15;2360;2;36;1;A34;A73;A152;A41;A63;1;0;1;0.978467822;0.95
15;6850;1;34;1;A31;A71;A152;A40;A62;0;0;0;0.234490275;0.24
24;2255;4;54;1;A32;A72;A152;A40;A65;1;0;1;0.553801656;0.7
6;1203;3;43;1;A32;A75;A152;A40;A62;1;0;1;0.981422544;0.96
6;700;4;36;2;A34;A75;A153;A43;A65;1;0;1;0.942248523;0.74
15;1532;4;31;1;A34;A73;A152;A46;A62;1;1;1;0.829199851;0.71
4;1503;2;42;2;A34;A74;A152;A43;A61;1;0;1;0.989408016;0.96
6;662;3;41;1;A32;A72;A152;A40;A61;1;0;1;0.896983266;0.65
36;2273;3;32;2;A32;A74;A152;A46;A61;1;0;1;0.494374394;0.89
12;1503;4;41;1;A33;A73;A151;A41;A61;1;0;1;0.851852477;0.7
24;3105;4;25;2;A32;A72;A152;A43;A65;1;0;1;0.794467986;0.72
21;2319;2;33;1;A34;A72;A151;A46;A61;1;0;0;0.439891875;0.59
48;7763;4;42;1;A32;A75;A153;A40;A61;0;0;0;0.277323991;0.32
18;2864;2;34;1;A32;A73;A152;A42;A61;1;0;0;0.825906277;0.75
12;1255;4;61;2;A34;A75;A152;A40;A61;1;0;1;0.918165326;0.92
12;626;4;24;1;A31;A73;A152;A43;A61;1;1;0;0.658664405;0.58
48;6999;1;34;2;A32;A74;A152;A43;A61;0;0;0;0.743061602;0.66
9;1199;4;67;2;A32;A74;A152;A46;A61;1;1;1;0.58915782;0.75
12;1331;2;22;1;A32;A72;A152;A43;A61;1;0;0;0.335771143;0.06
24;1546;4;24;1;A31;A74;A151;A43;A61;1;0;0;0.3088153;0.17
24;2578;2;34;1;A34;A75;A152;A43;A64;1;0;1;0.934160829;0.92
24;3234;4;23;1;A32;A72;A151;A42;A61;1;1;0;0.400705755;0.49
24;5433;2;26;1;A32;A71;A151;A41;A65;0;1;1;0.815928936;0.63
12;2930;2;27;1;A32;A74;A152;A43;A61;1;1;1;0.94344753;0.98
24;937;4;27;2;A32;A72;A152;A48;A61;1;0;1;0.798553348;0.85
12;3124;1;49;2;A34;A72;A152;A40;A61;1;0;1;0.871550918;0.95
9;1388;4;26;1;A32;A73;A151;A42;A61;1;1;1;0.603127062;0.53
36;2384;4;33;1;A32;A72;A151;A45;A61;1;0;0;0.106993414;0.17
12;2133;4;52;1;A32;A75;A153;A40;A65;1;1;1;0.920191765;0.79
18;2039;1;20;1;A32;A73;A151;A42;A61;1;1;0;0.461053878;0.39
18;1217;4;47;1;A32;A73;A152;A44;A61;1;0;0;0.923143804;0.65
12;385;4;58;4;A34;A74;A152;A43;A61;1;1;1;0.912872672;0.94
24;1965;4;42;2;A33;A73;A151;A40;A65;1;1;1;0.702863157;0.64
24;2718;3;20;1;A32;A73;A151;A40;A61;1;1;0;0.122108929;0.08
24;1442;4;23;2;A32;A74;A151;A40;A61;1;1;0;0.396267086;0.36
24;3863;1;32;1;A33;A73;A153;A49;A61;1;0;1;0.874437571;0.83
24;1837;4;34;1;A31;A74;A153;A46;A61;1;1;0;0.534245372;0.41
36;2671;4;50;1;A32;A73;A153;A43;A62;1;1;0;0.083092444;0.05
12;741;4;22;1;A32;A71;A152;A44;A62;1;1;0;0.275957972;0.42
10;1240;1;48;1;A32;A75;A153;A40;A62;1;1;0;0.368975967;0.11
24;3632;1;22;1;A31;A73;A151;A41;A61;1;1;1;0.480263174;0.38
18;1808;4;22;1;A33;A74;A152;A42;A61;1;1;0;0.336583525;0.25
6;3676;1;37;3;A34;A73;A151;A40;A61;1;0;1;0.972322822;0.84
30;3441;2;21;1;A32;A73;A151;A42;A62;1;1;0;0.405742049;0.54
12;640;4;49;1;A32;A73;A152;A40;A61;1;0;1;0.797895312;0.77
21;3652;2;27;2;A34;A74;A152;A49;A61;1;0;1;0.913632572;0.89
42;4042;4;36;2;A34;A73;A152;A42;A63;1;0;1;0.725900888;0.86
24;3660;2;28;1;A32;A73;A152;A43;A61;1;1;1;0.829999626;0.88
60;15653;2;21;2;A33;A74;A152;A43;A61;0;0;1;0.81282717;0.9
48;7476;4;50;1;A32;A74;A153;A46;A61;0;0;1;0.106080391;0.26
12;1922;4;37;1;A32;A73;A152;A42;A61;1;0;0;0.263558418;0.27
24;2346;4;35;2;A34;A74;A152;A41;A61;1;0;1;0.981796086;0.96
24;4139;3;27;2;A34;A73;A152;A49;A62;1;0;1;0.911406755;0.92
21;2580;4;41;1;A33;A72;A152;A49;A63;1;0;0;0.333618581;0.06
24;2384;4;64;1;A32;A75;A151;A43;A61;1;0;1;0.891509414;0.61
18;1453;3;26;1;A32;A72;A152;A43;A61;1;1;1;0.63726896;0.69
6;1538;1;56;1;A32;A72;A152;A46;A61;1;1;1;0.777632535;0.92
24;2896;2;29;1;A32;A72;A152;A43;A62;1;0;1;0.860666275;0.66
6;4716;1;44;2;A34;A72;A152;A40;A65;1;0;1;0.88413769;0.84
24;2284;4;28;1;A32;A74;A152;A43;A61;1;0;1;0.935741305;0.92
48;6331;4;46;2;A34;A75;A153;A41;A61;0;0;0;0.626973271;0.31
48;6560;3;24;1;A32;A74;A152;A40;A62;0;0;0;0.405829459;0.54
12;2969;4;25;2;A30;A72;A151;A42;A61;1;1;0;0.100206353;0.32
18;629;4;32;2;A34;A75;A152;A43;A63;1;0;1;0.831949711;0.87
21;2476;4;46;1;A32;A75;A152;A41;A65;1;0;1;0.96344924;0.96
30;7596;1;63;2;A34;A75;A152;A41;A65;0;0;1;0.954931259;0.85
9;1337;4;34;2;A30;A72;A152;A43;A61;1;0;0;0.868759751;0.49
6;433;4;24;1;A31;A72;A151;A46;A64;1;1;0;0.32717213;0.59
18;1882;4;25;2;A32;A73;A151;A43;A61;1;1;0;0.182189211;0.54
24;6403;1;33;1;A33;A72;A152;A43;A61;0;0;1;0.667139173;0.68
24;2603;2;28;1;A32;A73;A151;A41;A64;1;1;1;0.916983962;0.95
24;11560;1;23;2;A32;A73;A151;A41;A61;0;1;0;0.143148571;0.23
10;1048;4;23;1;A31;A73;A152;A43;A61;1;0;1;0.867414713;0.6
24;2483;4;22;1;A31;A73;A152;A42;A63;1;0;1;0.694415808;0.8
39;14179;4;30;2;A34;A74;A152;A42;A65;0;0;1;0.415342033;0.56
15;2511;1;23;1;A32;A71;A151;A40;A61;1;1;1;0.681331933;0.58
12;841;2;23;1;A32;A74;A151;A49;A62;1;1;1;0.798072577;0.78
24;1285;4;32;1;A32;A74;A151;A40;A65;1;1;0;0.277095258;0.5
6;1299;1;74;3;A34;A73;A152;A40;A61;1;0;1;0.990181983;0.93
15;1271;3;39;2;A34;A73;A153;A43;A65;1;0;0;0.7692644;0.39
12;691;4;35;2;A34;A75;A152;A40;A61;1;0;0;0.950064421;0.92
24;2463;4;27;2;A34;A74;A152;A40;A62;1;0;1;0.710704684;0.68
12;1155;3;40;2;A32;A75;A152;A43;A61;1;0;1;0.959249616;0.89
36;8065;3;25;2;A34;A73;A152;A46;A61;0;1;0;0.117758729;0.11
18;3509;4;25;1;A32;A74;A152;A43;A61;1;1;1;0.751349092;0.78
39;4933;2;25;2;A34;A74;A152;A43;A61;1;0;0;0.606704354;0.37
12;1410;2;31;1;A30;A73;A152;A48;A61;1;0;1;0.906594157;0.97
18;1941;4;35;1;A32;A73;A152;A49;A64;1;0;1;0.637487173;0.72
48;2751;4;38;2;A34;A75;A152;A41;A65;1;0;1;0.929847598;0.86
48;6224;4;50;1;A33;A75;A153;A46;A61;0;0;0;0.381168336;0.43
6;1221;1;27;2;A34;A73;A152;A42;A65;1;0;1;0.975927711;0.99
20;4272;1;24;2;A34;A75;A152;A42;A61;1;1;1;0.441966027;0.75
12;930;4;65;4;A34;A75;A152;A43;A65;1;0;1;0.961234391;0.93
42;9283;1;55;1;A31;A71;A153;A41;A61;0;0;1;0.064401977;0.43
15;1778;2;26;2;A30;A72;A151;A40;A61;1;1;0;0.060337495;0.25
6;1554;1;24;2;A34;A74;A151;A43;A61;1;1;1;0.939226329;0.97
18;1345;4;26;1;A32;A73;A152;A43;A61;1;0;0;0.566249132;0.15
18;3780;3;35;2;A34;A72;A152;A42;A61;1;0;1;0.963048398;0.94
48;6681;4;38;1;A33;A73;A153;A49;A65;0;0;1;0.795449376;0.83
45;11816;2;29;2;A30;A75;A151;A49;A61;0;0;0;0.081018589;0.07
15;2327;2;25;1;A32;A72;A152;A43;A61;1;1;0;0.637984395;0.32
21;3976;2;35;1;A32;A74;A152;A42;A65;1;0;1;0.898902655;0.92
12;709;4;57;1;A32;A75;A152;A43;A61;1;0;0;0.891991198;0.76
24;1474;4;33;1;A32;A72;A152;A40;A62;1;0;1;0.178771198;0.52
15;3343;4;28;1;A34;A73;A153;A42;A61;1;0;1;0.8207829;0.99
24;2439;4;35;1;A32;A72;A152;A43;A61;1;1;0;0.936992586;0.75
12;3590;2;29;1;A32;A73;A152;A42;A61;1;0;1;0.769156337;0.85
30;6742;2;36;2;A34;A74;A152;A43;A65;0;0;1;0.965344727;1.0
24;9277;2;48;1;A32;A73;A153;A41;A65;0;0;1;0.549617946;0.49
24;2825;4;34;2;A34;A74;A152;A49;A65;1;0;1;0.93626672;0.9
48;15672;2;23;1;A32;A73;A152;A49;A61;0;0;0;0.040733542;0.24
36;6614;4;34;2;A34;A75;A152;A40;A61;0;0;1;0.701158643;0.64
28;7824;3;40;2;A31;A72;A151;A41;A65;0;0;1;0.392441005;0.47
16;2625;2;43;1;A34;A75;A151;A40;A61;1;0;0;0.940623701;0.81
15;1386;4;40;1;A32;A73;A151;A43;A65;1;0;1;0.906323254;0.68
12;1107;2;20;1;A32;A73;A151;A43;A61;1;0;1;0.367897451;0.39
21;3763;2;24;1;A32;A74;A152;A40;A65;1;0;1;0.887418747;0.92
36;3711;2;27;1;A32;A73;A152;A46;A65;1;0;1;0.840570867;0.96
9;3195;1;33;1;A32;A73;A152;A40;A65;1;1;1;0.881619811;0.77
10;2848;1;32;1;A32;A73;A152;A41;A62;1;0;1;0.96440649;0.91
12;697;4;46;2;A31;A72;A152;A40;A61;1;0;0;0.422988206;0.43
18;1049;4;21;1;A34;A72;A151;A42;A61;1;1;1;0.833861232;0.65
24;1747;4;24;1;A32;A72;A152;A42;A61;1;0;1;0.494044751;0.48
9;1670;4;22;1;A32;A72;A152;A43;A61;1;1;0;0.371786028;0.05
9;745;3;28;1;A32;A73;A152;A43;A61;1;1;0;0.922097445;0.84
6;2063;4;30;1;A32;A72;A151;A43;A61;1;0;1;0.833066344;0.74
60;6288;4;42;1;A32;A73;A153;A46;A61;0;0;0;0.339293867;0.32
24;6842;2;46;2;A34;A73;A152;A41;A65;0;0;1;0.981008172;0.87
10;1546;3;31;1;A32;A73;A152;A40;A61;1;0;1;0.632084489;0.79
24;929;4;31;1;A32;A74;A152;A42;A65;1;0;1;0.879863143;0.97
15;1845;4;46;1;A32;A72;A151;A42;A61;1;1;1;0.626651406;0.68
24;3621;2;31;2;A32;A75;A152;A43;A62;1;0;0;0.8010571;0.83
15;3556;3;29;1;A32;A73;A152;A40;A65;1;0;1;0.879306555;0.91
6;454;3;22;1;A32;A72;A152;A45;A61;1;0;1;0.888432682;0.39
30;1715;4;26;1;A32;A73;A152;A43;A65;1;1;1;0.643806756;0.65
42;7166;2;29;1;A32;A74;A151;A43;A65;0;0;1;0.524340391;0.49
60;7297;4;36;1;A32;A75;A151;A49;A61;0;0;0;0.291330278;0.39
30;2831;4;33;1;A34;A73;A152;A43;A61;1;1;1;0.863733768;0.59
24;2538;4;47;2;A33;A75;A152;A40;A61;1;0;0;0.718235195;0.67
15;1433;4;25;2;A34;A73;A151;A42;A61;1;1;1;0.841657221;0.89
42;6289;2;33;2;A30;A72;A152;A49;A61;0;0;1;0.723840117;0.81
13;1409;2;64;1;A32;A71;A152;A43;A62;1;1;1;0.784117103;0.95
12;3565;2;37;2;A34;A72;A152;A46;A65;1;0;1;0.916318297;0.85
36;3959;4;30;1;A32;A71;A152;A42;A61;1;0;1;0.26344043;0.3
45;1845;4;23;1;A32;A73;A153;A43;A61;1;0;0;0.083526202;0.04
18;6458;2;39;2;A31;A75;A152;A40;A61;0;0;0;0.124478057;0.23
12;1123;4;29;1;A32;A73;A151;A42;A63;1;1;0;0.477380544;0.15
6;343;4;27;1;A32;A72;A152;A44;A61;1;1;1;0.960899532;0.85
12;1655;2;63;2;A34;A75;A152;A43;A61;1;0;1;0.960467279;0.96
18;2238;2;25;2;A34;A73;A152;A43;A61;1;1;1;0.847332835;1.0
12;685;2;25;1;A32;A74;A152;A40;A61;1;0;0;0.282174885;0.09
6;2647;2;44;1;A32;A73;A151;A43;A63;1;0;1;0.941178501;0.99
12;1274;3;37;1;A32;A72;A152;A40;A61;1;1;0;0.274468839;0.3
10;894;4;40;1;A32;A74;A152;A48;A65;1;1;1;0.971372187;0.98
12;759;4;26;1;A32;A74;A152;A40;A61;1;0;0;0.107601926;0.0
11;1322;4;40;2;A34;A73;A152;A40;A64;1;1;1;0.966035187;0.96
12;1372;2;36;1;A32;A74;A152;A40;A61;1;0;0;0.438661784;0.29
12;1185;3;27;2;A34;A73;A152;A49;A61;1;1;1;0.968752742;0.99
18;1216;4;23;1;A32;A72;A151;A40;A61;1;1;0;0.084023997;0.07
18;1131;4;33;1;A32;A71;A152;A42;A61;1;1;0;0.094564855;0.14
24;1199;4;60;2;A34;A75;A152;A40;A61;1;0;0;0.692379713;0.34
12;1409;4;54;1;A34;A75;A152;A41;A61;1;0;1;0.976299584;1.0
24;4817;2;31;1;A32;A74;A152;A40;A61;1;0;0;0.261711866;0.12
24;1413;4;28;1;A32;A73;A152;A43;A61;1;0;1;0.880072951;0.88
12;1474;4;33;1;A32;A72;A152;A42;A61;1;1;1;0.597397447;0.92
30;10623;3;38;3;A34;A75;A153;A41;A61;0;0;1;0.784793258;0.83
24;5943;1;44;2;A32;A72;A152;A43;A65;0;1;0;0.424075305;0.12
18;7374;4;40;2;A34;A71;A152;A42;A61;0;0;1;0.842383564;0.96
9;1449;3;27;2;A32;A74;A152;A49;A61;1;1;1;0.806962371;0.95
39;2569;4;24;1;A32;A73;A152;A41;A63;1;0;1;0.932114482;0.96
12;1331;2;22;1;A32;A72;A152;A43;A61;1;0;0;0.335771143;0.06
9;1154;2;37;3;A34;A75;A152;A43;A61;1;0;1;0.972965419;1.0
24;999;4;25;2;A32;A75;A152;A43;A65;1;0;1;0.866512418;0.87
24;2439;4;35;1;A32;A72;A152;A43;A61;1;1;0;0.936992586;0.75
36;7432;2;54;1;A33;A73;A151;A40;A61;0;1;1;0.899432063;1.0
15;1316;2;47;2;A34;A73;A152;A43;A63;1;0;1;0.961931884;0.99
20;6148;3;31;2;A30;A75;A152;A41;A62;0;0;1;0.935783744;0.93
15;1275;4;24;1;A32;A73;A151;A44;A65;1;1;0;0.206748113;0.13
12;1262;3;25;1;A32;A73;A152;A43;A61;1;0;1;0.909533262;0.98
36;9629;4;24;2;A34;A74;A152;A41;A61;0;0;0;0.306406289;0.13
24;3181;4;26;1;A32;A72;A152;A43;A61;1;1;1;0.854411066;0.9
24;2957;4;63;2;A34;A75;A152;A41;A61;1;0;1;0.983343542;0.98
12;1860;4;34;2;A34;A71;A152;A41;A61;1;0;1;0.645951986;0.65
6;1352;1;23;1;A32;A71;A151;A41;A63;1;1;1;0.946867108;0.92
18;1882;4;25;2;A32;A73;A151;A43;A61;1;1;0;0.182189211;0.54
6;6761;1;45;2;A34;A74;A152;A40;A61;0;0;1;0.948189318;0.95
12;3617;1;28;3;A34;A75;A151;A42;A61;1;0;1;0.942604542;0.95
24;4870;3;53;2;A33;A73;A153;A40;A61;1;0;0;0.188099489;0.11
30;3108;2;31;1;A32;A72;A152;A42;A61;1;0;0;0.386313975;0.11
24;3062;4;32;1;A32;A75;A151;A42;A63;1;0;1;0.84779942;0.99
12;1995;4;27;1;A34;A72;A152;A40;A62;1;0;1;0.649038613;0.95
15;975;2;25;2;A34;A73;A152;A42;A61;1;0;1;0.940749288;0.99
21;3160;4;41;1;A32;A75;A152;A43;A65;1;0;1;0.957008719;0.97
36;12389;1;37;1;A32;A73;A153;A40;A65;0;0;0;0.456698298;0.29
24;2346;4;35;2;A34;A74;A152;A41;A61;1;0;1;0.981796086;0.96
24;4113;3;28;1;A32;A72;A151;A41;A63;1;1;0;0.261766165;0.07
9;2301;2;22;1;A32;A72;A151;A42;A62;1;1;1;0.784474075;0.9
12;640;4;49;1;A32;A73;A152;A40;A61;1;0;1;0.797895312;0.77
9;1154;2;37;3;A34;A75;A152;A43;A61;1;0;1;0.972965419;1.0
42;4370;3;26;2;A33;A74;A152;A43;A61;1;0;0;0.11918395;0.07
24;3758;1;23;1;A32;A71;A151;A43;A63;1;1;1;0.867527485;0.91
15;4657;3;30;1;A32;A73;A152;A41;A61;1;0;1;0.92738682;0.96
18;1445;4;49;1;A31;A74;A152;A43;A65;1;0;1;0.876302302;0.95
15;1444;4;23;1;A32;A72;A152;A43;A65;1;0;1;0.904608488;0.9
24;1193;1;29;2;A31;A71;A151;A40;A61;1;1;0;0.068324529;0.07
39;14179;4;30;2;A34;A74;A152;A42;A65;0;0;1;0.415342033;0.56
24;947;4;38;1;A32;A74;A153;A40;A61;1;0;0;0.215628535;0.18
6;1050;4;35;2;A33;A71;A152;A42;A61;1;0;1;0.974481881;1.0
30;2831;4;33;1;A34;A73;A152;A43;A61;1;1;1;0.863733768;0.59
12;2141;3;35;1;A32;A74;A152;A43;A62;1;0;1;0.979545236;1.0
36;12389;1;37;1;A32;A73;A153;A40;A65;0;0;0;0.456698298;0.29
24;1533;4;38;1;A32;A72;A152;A43;A61;1;1;1;0.818525255;0.95
39;8588;4;45;1;A32;A75;A152;A41;A62;0;0;1;0.868229985;0.9
6;590;3;26;1;A32;A72;A152;A43;A61;1;0;1;0.943351269;0.93
21;3357;4;29;1;A32;A72;A152;A43;A64;1;1;1;0.97032541;0.98
18;6260;3;28;1;A32;A74;A151;A40;A61;0;0;1;0.832494736;1.0
48;5951;2;22;1;A32;A73;A152;A43;A61;0;1;0;0.111268774;0.01
30;3857;4;40;1;A32;A73;A152;A41;A61;1;0;1;0.932908297;0.92
36;3990;3;29;1;A31;A72;A152;A44;A65;1;1;1;0.85605222;0.95
30;4272;2;26;2;A33;A73;A152;A49;A62;1;0;1;0.858043849;0.94
24;8648;2;27;2;A33;A72;A152;A49;A61;0;0;0;0.321617991;0.19
36;5842;2;35;2;A34;A75;A152;A41;A61;0;0;1;0.956956506;0.91
12;1768;3;24;1;A32;A73;A151;A42;A61;1;0;1;0.629741669;0.81
42;4796;4;56;1;A34;A75;A153;A41;A61;1;0;1;0.886510074;0.84
18;1098;4;65;2;A34;A71;A152;A43;A61;1;1;1;0.929210961;0.99
15;1300;4;45;1;A32;A75;A153;A41;A65;1;0;1;0.851063669;0.95
18;976;1;23;1;A32;A72;A152;A40;A61;1;1;0;0.345421046;0.15
10;781;4;63;2;A34;A75;A153;A40;A61;1;0;1;0.803868234;0.87
9;5129;2;74;1;A31;A75;A153;A41;A61;0;1;0;0.124638312;0.14
12;754;4;38;2;A32;A75;A152;A48;A65;1;0;1;0.797002196;0.95
21;12680;4;30;1;A34;A75;A153;A40;A65;0;0;0;0.168023735;0.0
24;8648;2;27;2;A33;A72;A152;A49;A61;0;0;0;0.321617991;0.19
15;1459;4;43;1;A34;A73;A152;A43;A61;1;1;1;0.879472017;1.0
15;3556;3;29;1;A32;A73;A152;A40;A65;1;0;1;0.879306555;0.91
42;4370;3;26;2;A33;A74;A152;A43;A61;1;0;0;0.11918395;0.07
36;5711;4;38;2;A34;A75;A152;A41;A64;0;0;1;0.977710307;0.94
24;1381;4;35;1;A32;A73;A152;A40;A65;1;1;0;0.119753689;0.26
24;1743;4;48;2;A34;A75;A152;A43;A61;1;0;1;0.972779214;0.98
12;741;4;22;1;A32;A71;A152;A44;A62;1;1;0;0.275957972;0.42
12;1858;4;22;1;A32;A72;A151;A42;A61;1;1;1;0.576352775;0.73
24;4151;2;35;2;A33;A73;A152;A42;A62;1;0;1;0.929846466;0.97
30;4221;2;28;2;A30;A73;A152;A49;A61;1;1;1;0.82243216;1.0
36;7432;2;54;1;A33;A73;A151;A40;A61;0;1;1;0.899432063;1.0
48;8487;1;24;1;A32;A74;A152;A40;A65;0;1;1;0.888463914;0.96
10;1924;1;38;1;A32;A73;A152;A43;A61;1;0;1;0.954773128;1.0
18;3378;2;31;1;A32;A73;A152;A41;A65;1;0;1;0.984921753;0.99
12;2366;3;36;1;A34;A74;A152;A40;A63;1;0;1;0.977775395;0.99
9;2799;2;36;2;A34;A73;A151;A40;A61;1;0;1;0.960585296;0.96
15;3568;4;54;1;A32;A75;A151;A43;A61;1;1;1;0.906729698;0.99
9;1919;4;35;1;A34;A74;A151;A42;A61;1;0;1;0.906880677;0.97
24;4042;3;43;2;A34;A74;A152;A41;A65;1;0;1;0.985554218;0.97
15;1275;4;24;1;A32;A73;A151;A44;A65;1;1;0;0.206748113;0.13
30;3656;4;49;2;A34;A75;A152;A43;A65;1;0;1;0.981733561;1.0
12;1736;3;31;1;A32;A74;A152;A42;A61;1;1;1;0.893181205;0.97
18;2404;2;26;2;A34;A73;A152;A43;A61;1;1;1;0.954607546;1.0
36;8947;3;31;1;A33;A74;A152;A41;A65;0;0;1;0.950282812;0.97
60;10144;2;21;1;A32;A74;A152;A43;A62;0;1;1;0.752464831;0.93
18;4594;3;32;1;A32;A72;A152;A43;A61;1;0;1;0.83574748;0.89
12;1893;4;29;1;A32;A73;A152;A40;A61;1;1;1;0.746706784;0.92
30;2181;4;36;2;A34;A75;A152;A40;A65;1;0;1;0.962932646;0.97
60;14782;3;60;2;A31;A75;A153;A410;A62;0;1;0;0.09935461;0.31
24;3149;4;22;1;A32;A72;A153;A42;A61;1;0;1;0.814528286;0.94
12;1258;2;22;2;A34;A72;A151;A42;A61;1;1;1;0.90104419;1.0
18;2051;4;33;1;A32;A72;A152;A43;A61;1;0;1;0.833735347;0.91
24;3069;4;30;1;A32;A75;A153;A42;A62;1;0;1;0.843863249;0.9
12;3573;1;23;1;A34;A73;A152;A43;A61;1;1;1;0.951929986;0.8
12;2759;2;34;2;A30;A75;A152;A42;A61;1;0;1;0.888449073;0.94
36;8335;3;47;1;A32;A75;A153;A41;A65;0;0;0;0.217226058;0.07
30;4221;2;28;2;A30;A73;A152;A49;A61;1;1;1;0.82243216;1.0
24;2022;4;37;1;A34;A73;A152;A40;A61;1;1;1;0.889165998;1.0
24;2424;4;53;2;A34;A75;A152;A43;A65;1;0;1;0.973748207;0.98
12;763;4;26;1;A32;A73;A152;A42;A61;1;1;1;0.50085777;0.92
36;7127;2;23;2;A34;A72;A151;A42;A61;0;1;0;0.119280986;0.14
36;2337;4;36;1;A34;A75;A152;A43;A61;1;0;1;0.953721702;1.0
15;1829;4;46;2;A34;A75;A152;A43;A61;1;0;1;0.986867905;1.0
39;14179;4;30;2;A34;A74;A152;A42;A65;0;0;1;0.415342033;0.56
24;1901;4;29;1;A32;A73;A151;A43;A62;1;0;1;0.821562469;0.92
24;4526;3;74;1;A34;A73;A152;A49;A61;1;0;1;0.92298305;0.98
15;1905;4;40;1;A32;A75;A151;A46;A61;1;0;1;0.803046405;0.97
30;2150;4;24;1;A32;A73;A152;A40;A61;1;1;0;0.128163472;0.0
24;2872;3;36;1;A34;A75;A152;A43;A62;1;0;1;0.975641549;1.0
24;2910;2;34;1;A32;A74;A153;A41;A61;1;0;1;0.946999073;0.89
4;3380;1;37;1;A34;A74;A152;A40;A61;1;1;1;0.985270202;0.98
60;6527;4;34;1;A32;A73;A153;A40;A65;0;0;1;0.705730617;0.86
12;1493;4;34;1;A32;A72;A152;A43;A61;1;1;1;0.850263715;0.94
24;6967;4;36;1;A33;A74;A151;A49;A62;0;0;1;0.928072631;0.93
6;3518;2;26;1;A32;A73;A151;A40;A61;1;0;1;0.939830005;0.97
36;3249;2;39;1;A32;A74;A153;A40;A61;1;0;1;0.918131471;0.99
15;1053;4;27;1;A32;A72;A152;A43;A61;1;0;1;0.940633714;1.0
18;4165;2;36;2;A30;A73;A152;A49;A61;1;0;0;0.585315347;0.26
45;4746;4;25;2;A34;A72;A152;A43;A61;1;0;0;0.214441136;0.05
36;9857;1;31;2;A33;A74;A152;A49;A62;0;0;1;0.947538555;0.92
36;4686;2;32;1;A32;A73;A153;A41;A61;1;0;1;0.945514977;0.98
36;8086;2;42;4;A33;A75;A152;A40;A62;0;0;0;0.551334202;0.29
24;7393;1;43;1;A32;A73;A152;A40;A61;0;0;1;0.765325785;0.94
24;3092;3;22;1;A32;A72;A151;A43;A62;1;0;0;0.328239381;0.06
12;6199;4;28;2;A30;A73;A151;A43;A61;0;0;0;0.503407598;0.4
24;5084;2;42;1;A32;A75;A152;A43;A65;0;1;1;0.907789409;0.91
9;1549;4;35;1;A32;A72;A152;A40;A65;1;0;1;0.793801844;0.94
18;1442;4;32;2;A31;A74;A153;A40;A61;1;0;0;0.046681162;0.07
24;2333;4;29;1;A33;A72;A152;A42;A65;1;0;1;0.607412219;0.87
6;1047;2;50;1;A34;A73;A152;A46;A61;1;1;1;0.940321565;0.95
9;1082;4;27;2;A32;A75;A152;A43;A61;1;0;1;0.938263953;0.99
12;685;2;25;1;A32;A74;A152;A40;A61;1;0;0;0.282174885;0.09
48;6758;3;31;1;A32;A73;A152;A43;A61;0;1;0;0.230859026;0.09
48;10127;2;44;1;A34;A73;A153;A40;A63;0;0;0;0.420246899;0.36
15;2631;3;25;1;A32;A73;A152;A45;A62;1;1;1;0.942965508;0.93
12;2279;4;37;1;A32;A73;A153;A43;A65;1;0;1;0.845337093;1.0
4;601;1;23;1;A32;A72;A151;A42;A61;1;1;1;0.828695834;0.83
21;3357;4;29;1;A32;A72;A152;A43;A64;1;1;1;0.97032541;0.98
18;1936;2;23;2;A32;A74;A151;A43;A65;1;0;1;0.900123179;0.96
14;8978;1;45;1;A32;A75;A152;A40;A61;0;0;0;0.255675048;0.22
18;3001;2;40;1;A32;A74;A151;A42;A61;1;1;1;0.784865439;0.85
24;2375;4;44;2;A33;A73;A152;A49;A63;1;0;1;0.812348962;0.83
15;1459;4;43;1;A34;A73;A152;A43;A61;1;1;1;0.879472017;1.0
6;1238;4;36;1;A32;A71;A152;A48;A65;1;0;1;0.978028238;0.89
42;7174;4;30;1;A32;A74;A152;A43;A65;0;1;0;0.336706817;0.1
48;6681;4;38;1;A33;A73;A153;A49;A65;0;0;1;0.795449376;0.83
21;1188;2;39;1;A32;A75;A152;A49;A61;1;1;0;0.66787833;0.37
36;3249;2;39;1;A32;A74;A153;A40;A61;1;0;1;0.918131471;0.99
18;750;4;27;1;A32;A71;A152;A46;A61;1;1;0;0.052142147;0.03
36;9566;2;31;2;A34;A73;A152;A43;A61;0;1;1;0.811399579;1.0
15;2687;2;26;1;A32;A74;A151;A49;A61;1;0;1;0.821779311;0.91
6;428;2;49;1;A32;A75;A152;A42;A61;1;1;1;0.974983633;0.94
60;15653;2;21;2;A33;A74;A152;A43;A61;0;0;1;0.81282717;0.9
10;2132;2;27;2;A34;A72;A151;A42;A65;1;1;1;0.963466287;0.95
18;1928;2;31;2;A34;A72;A152;A42;A61;1;0;0;0.795483112;0.23
7;2329;1;45;1;A32;A72;A152;A43;A61;1;1;1;0.980594456;0.99
24;7758;2;29;1;A34;A75;A151;A41;A64;0;1;1;0.820176661;0.91
24;3878;4;37;1;A34;A72;A152;A40;A62;1;0;1;0.940552175;0.99
60;7297;4;36;1;A32;A75;A151;A49;A61;0;0;0;0.291330278;0.39
36;1819;4;37;1;A32;A73;A153;A46;A61;1;0;0;0.173395038;0.07
24;3617;4;20;2;A34;A75;A151;A42;A65;1;0;1;0.936815202;0.88
15;3029;2;33;1;A32;A74;A152;A41;A61;1;0;1;0.965745568;1.0
12;2759;2;34;2;A30;A75;A152;A42;A61;1;0;1;0.888449073;0.94
6;1238;4;36;1;A32;A71;A152;A48;A65;1;0;1;0.978028238;0.89
24;11328;2;29;2;A32;A73;A152;A410;A61;0;0;0;0.171015754;0.11
24;4151;2;35;2;A33;A73;A152;A42;A62;1;0;1;0.929846466;0.97
12;2331;1;49;1;A34;A75;A152;A43;A65;1;0;1;0.966748893;0.98
18;3190;2;24;1;A32;A73;A152;A43;A61;1;1;0;0.79686594;0.27
18;1795;3;48;2;A34;A75;A151;A43;A61;1;1;1;0.937539637;0.97
21;571;4;65;2;A34;A75;A152;A40;A61;1;0;1;0.816118598;0.9
12;707;4;30;2;A32;A73;A152;A43;A61;1;0;1;0.906368554;0.97
12;1107;2;20;1;A32;A73;A151;A43;A61;1;0;1;0.367897451;0.39
6;3384;1;44;1;A34;A73;A151;A42;A61;1;0;0;0.943025172;0.3
36;8947;3;31;1;A33;A74;A152;A41;A65;0;0;1;0.950282812;0.97
36;3711;2;27;1;A32;A73;A152;A46;A65;1;0;1;0.840570867;0.96
12;3651;1;31;1;A32;A73;A152;A40;A64;1;0;1;0.949186325;0.94
6;362;4;52;2;A34;A73;A152;A40;A62;1;1;1;0.974374473;1.0
11;1577;4;20;1;A32;A72;A152;A42;A64;1;1;1;0.942459941;0.95
12;1331;2;22;1;A32;A72;A152;A43;A61;1;0;0;0.335771143;0.06
12;1592;3;35;1;A34;A74;A152;A42;A64;1;1;1;0.963474035;0.99
18;1301;4;32;1;A32;A75;A152;A43;A61;1;0;1;0.877650678;0.98
10;1275;4;23;1;A32;A72;A152;A42;A61;1;1;1;0.635281146;0.78
48;12749;4;37;1;A33;A74;A152;A43;A63;0;0;1;0.919935048;0.98
9;918;4;30;1;A32;A73;A152;A42;A61;1;1;0;0.549945474;0.34
9;1501;2;34;2;A34;A75;A152;A46;A61;1;1;0;0.313892871;0.12
21;1602;4;30;2;A34;A75;A152;A40;A61;1;0;1;0.884766936;0.8
24;3123;4;27;1;A32;A72;A152;A40;A61;1;1;0;0.446652919;0.23
15;1979;4;35;1;A32;A75;A152;A43;A65;1;0;1;0.960864544;0.98
36;1977;4;40;1;A32;A75;A152;A46;A65;1;0;0;0.500827372;0.34
48;7685;2;37;1;A31;A74;A151;A49;A61;0;1;0;0.066480957;0.19
48;6416;4;59;1;A31;A75;A151;A49;A61;0;1;0;0.076967932;0.03
6;6761;1;45;2;A34;A74;A152;A40;A61;0;0;1;0.948189318;0.95
36;2337;4;36;1;A34;A75;A152;A43;A61;1;0;1;0.953721702;1.0
6;1050;4;35;2;A33;A71;A152;A42;A61;1;0;1;0.974481881;1.0
18;3872;2;67;1;A32;A71;A152;A45;A61;1;1;1;0.768849492;0.98
36;3446;4;42;1;A32;A75;A152;A42;A61;1;0;0;0.643613338;0.38
18;1113;4;26;1;A32;A73;A152;A43;A61;1;1;1;0.729881167;0.99
18;3104;3;31;1;A30;A74;A152;A49;A61;1;0;1;0.942345321;0.99
12;2578;3;55;1;A32;A71;A153;A42;A61;1;1;1;0.867832243;0.97
24;12579;4;44;1;A32;A75;A153;A41;A61;0;1;0;0.173550755;0.1
12;2577;2;42;1;A32;A73;A152;A42;A61;1;0;1;0.487212181;0.91
48;5096;2;30;1;A34;A73;A152;A42;A61;0;1;0;0.365901589;0.2
12;2141;3;35;1;A32;A74;A152;A43;A62;1;0;1;0.979545236;1.0
9;2301;2;22;1;A32;A72;A151;A42;A62;1;1;1;0.784474075;0.9
36;12389;1;37;1;A32;A73;A153;A40;A65;0;0;0;0.456698298;0.29
10;1309;4;27;1;A32;A73;A152;A40;A65;1;0;0;0.274828821;0.03
24;4057;3;43;1;A32;A74;A152;A42;A61;1;0;0;0.358445108;0.1
33;2764;2;26;2;A33;A73;A152;A49;A61;1;1;1;0.814865708;0.83
6;1346;2;42;1;A32;A75;A153;A43;A62;1;0;1;0.916012704;0.96
18;2462;2;22;1;A32;A73;A152;A42;A61;1;0;0;0.395914435;0.0
24;2896;2;29;1;A32;A72;A152;A43;A62;1;0;1;0.860666275;0.66
12;1158;3;26;1;A32;A73;A152;A43;A63;1;0;1;0.960783005;0.93
12;1498;4;23;1;A32;A73;A152;A43;A61;1;1;1;0.860275269;0.92
15;2708;2;27;2;A32;A72;A152;A42;A61;1;0;1;0.537605464;0.84
4;1544;2;42;3;A34;A74;A152;A43;A61;1;0;1;0.99107939;1.0
48;10222;4;37;1;A32;A74;A152;A43;A65;0;0;1;0.725204945;0.81
6;428;2;49;1;A32;A75;A152;A42;A61;1;1;1;0.974983633;0.94
12;1289;4;21;1;A32;A73;A152;A42;A61;1;0;1;0.686437726;0.84
30;2991;2;25;1;A32;A75;A152;A43;A65;1;1;1;0.807431757;0.83
48;8358;1;30;2;A30;A72;A152;A40;A63;0;1;1;0.770951033;0.94
7;2415;3;34;1;A32;A73;A152;A43;A61;1;0;1;0.973621845;0.99
24;2996;2;20;1;A32;A73;A152;A42;A65;1;0;0;0.816740394;0.79
21;3599;1;26;1;A32;A74;A151;A42;A61;1;1;1;0.903359115;1.0
6;1323;2;28;2;A34;A75;A152;A40;A62;1;0;1;0.945845604;0.9
6;672;1;54;1;A32;A71;A152;A40;A61;1;1;1;0.908012688;0.73
36;2394;4;25;1;A32;A73;A152;A43;A65;1;1;1;0.311896652;0.67
22;2675;3;40;1;A32;A75;A152;A43;A63;1;0;1;0.938190401;0.97
48;5096;2;30;1;A34;A73;A152;A42;A61;0;1;0;0.365901589;0.2
11;1322;4;40;2;A34;A73;A152;A40;A64;1;1;1;0.966035187;0.96
18;1131;4;33;1;A32;A71;A152;A42;A61;1;1;0;0.094564855;0.14
24;2064;3;34;1;A33;A71;A152;A42;A61;1;1;0;0.297550738;0.24
36;8335;3;47;1;A32;A75;A153;A41;A65;0;0;0;0.217226058;0.07
6;1169;4;67;2;A34;A75;A152;A43;A65;1;0;1;0.966621459;0.99
24;4591;2;54;3;A32;A73;A152;A49;A64;1;0;0;0.412694514;0.06
36;3446;4;42;1;A32;A75;A152;A42;A61;1;0;0;0.643613338;0.38
12;522;4;42;2;A34;A75;A152;A43;A63;1;0;1;0.898851097;0.97
18;1984;4;47;2;A32;A73;A153;A42;A61;1;0;1;0.534722626;0.82
36;9566;2;31;2;A34;A73;A152;A43;A61;0;1;1;0.811399579;1.0
24;2064;3;34;1;A33;A71;A152;A42;A61;1;1;0;0.297550738;0.24
36;5371;3;28;2;A34;A73;A152;A42;A61;1;0;1;0.444099516;0.34
27;5293;2;50;2;A30;A71;A152;A49;A61;1;0;0;0.620854557;0.39
27;5117;3;26;2;A33;A74;A152;A49;A61;1;0;1;0.842441857;0.94
21;12680;4;30;1;A34;A75;A153;A40;A65;0;0;0;0.168023735;0.0
48;10961;1;27;2;A32;A74;A152;A43;A64;0;0;0;0.600896358;0.32
12;1884;4;39;1;A32;A75;A152;A40;A61;1;0;1;0.299513519;0.79
18;1887;4;28;2;A34;A73;A152;A49;A65;1;0;1;0.953368783;0.98
36;2299;4;39;1;A32;A75;A152;A43;A63;1;0;1;0.914916515;0.99
48;10127;2;44;1;A34;A73;A153;A40;A63;0;0;0;0.420246899;0.36
26;7966;2;30;2;A32;A72;A152;A41;A61;0;0;1;0.829072118;0.89
24;1381;4;35;1;A32;A73;A152;A40;A65;1;1;0;0.119753689;0.26
15;2687;2;26;1;A32;A74;A151;A49;A61;1;0;1;0.821779311;0.91
10;2146;1;23;2;A34;A72;A151;A42;A61;1;1;1;0.946239173;0.99
24;1553;3;23;2;A33;A74;A151;A43;A62;1;1;1;0.917285979;1.0
14;3973;1;22;1;A32;A71;A153;A40;A61;1;0;1;0.811725795;1.0
12;836;4;23;1;A32;A72;A152;A40;A62;1;1;0;0.109342389;0.14
10;2146;1;23;2;A34;A72;A151;A42;A61;1;1;1;0.946239173;0.99
36;6948;2;35;1;A32;A73;A151;A41;A61;0;0;1;0.909903347;0.89
24;3758;1;23;1;A32;A71;A151;A43;A63;1;1;1;0.867527485;0.91
12;1386;2;26;1;A32;A73;A152;A40;A63;1;1;0;0.306293547;0.01
6;338;4;52;2;A34;A75;A152;A43;A63;1;0;1;0.961263597;1.0
18;3049;1;45;1;A32;A72;A152;A42;A61;1;1;1;0.778507411;0.89
9;936;4;52;2;A34;A75;A152;A46;A63;1;0;1;0.954162657;0.98
30;1867;4;58;1;A32;A75;A152;A43;A65;1;0;1;0.948934555;1.0
9;790;4;66;1;A32;A73;A152;A43;A63;1;1;1;0.86075604;0.79
36;3620;1;37;1;A32;A73;A152;A42;A61;1;0;1;0.779195905;0.93
24;1987;2;21;1;A32;A73;A151;A43;A61;1;0;0;0.265491039;0.02
18;976;1;23;1;A32;A72;A152;A40;A61;1;1;0;0.345421046;0.15
9;1449;3;27;2;A32;A74;A152;A49;A61;1;1;1;0.806962371;0.95
30;2181;4;36;2;A34;A75;A152;A40;A65;1;0;1;0.962932646;0.97
60;7418;1;27;1;A33;A73;A152;A43;A65;0;0;1;0.888050139;0.97
6;1595;3;51;1;A32;A74;A152;A43;A61;1;0;1;0.976574481;1.0
